<?xml version="1.0" encoding="UTF-8"?>
<!--
  ~   Copyright 2018. AppDynamics LLC and its affiliates.
  ~   All Rights Reserved.
  ~   This is unpublished proprietary source code of AppDynamics LLC and its affiliates.
  ~   The copyright notice above does not evidence any actual or intended publication of such source code.
  ~
  -->

<compute-center-types>

	<compute-center-type>
		<name>Terremark vCloud Express</name>
		<description>Terremark vCloud Express</description>
		<connector-impl-class-name>
            com.appdynamics.connectors.terremark.TerremarkVCloudConnector
        </connector-impl-class-name>
		
		<property-definitions>
			<property-definition>
				<name>Account User Name</name>
				<description>Account User Name</description>
				<required>true</required>
				<type>STRING</type>
				<default-string-value></default-string-value>
				<string-max-length>80</string-max-length>
				<allowed-string-values></allowed-string-values>
				<default-file-value></default-file-value>
			</property-definition>
			<property-definition>
				<name>Password</name>
				<description>Password</description>
				<required>true</required>
				<type>STRING</type>
				<default-string-value></default-string-value>
				<string-max-length>80</string-max-length>
				<allowed-string-values></allowed-string-values>
				<default-file-value></default-file-value>
			</property-definition>
		</property-definitions>
		
		<machine-descriptor-definitions>
			<property-definition>
				<name>Processor Count</name>
				<description>Number of processor units</description>
				<required>true</required>
				<type>STRING</type>
				<string-max-length>15</string-max-length>
				<allowed-string-values></allowed-string-values>
				<default-file-value></default-file-value>
			</property-definition>
			<property-definition>
				<name>Memory</name>
				<description>Memory in MB</description>
				<required>true</required>
				<type>STRING</type>
				<string-max-length>15</string-max-length>
			</property-definition>

			<property-definition>
				<name>Server Instantiation Type</name>
				<description>Must be either template or VApp Id</description>
				<required>true</required>
				<allowed-string-values>Template,VApp</allowed-string-values>
				<type>STRING</type>
				<string-max-length>15</string-max-length>
			</property-definition>
			<property-definition>
				<name>VApp Id</name>
				<description>VApp Id if Server Instantiation Type is VApp</description>
				<required>false</required>
				<type>STRING</type>
				<string-max-length>15</string-max-length>
			</property-definition>
			
		</machine-descriptor-definitions>
		
	</compute-center-type>
	
</compute-center-types>