<?xml version="1.0" encoding="UTF-8"?>
<!--
  ~   Copyright 2018. AppDynamics LLC and its affiliates.
  ~   All Rights Reserved.
  ~   This is unpublished proprietary source code of AppDynamics LLC and its affiliates.
  ~   The copyright notice above does not evidence any actual or intended publication of such source code.
  ~
  -->

<image-repository-types>

	<image-repository-type>
		<name>Terremark vCloud Repository</name>
		<description>Terremark vCloud Repository</description>
        <connector-impl-class-name>
            com.appdynamics.connectors.terremark.TerremarkVCloudConnector
        </connector-impl-class-name>
		
		<property-definitions>
			<property-definition>
				<name>Account User Name</name>
				<description>Account User Name</description>
				<required>true</required>
				<type>STRING</type>
				<default-string-value></default-string-value>
				<string-max-length>80</string-max-length>
				<allowed-string-values></allowed-string-values>
				<default-file-value></default-file-value>
			</property-definition>
			<property-definition>
				<name>Password</name>
				<description>Password</description>
				<required>true</required>
				<type>STRING</type>
				<default-string-value></default-string-value>
				<string-max-length>80</string-max-length>
				<allowed-string-values></allowed-string-values>
				<default-file-value></default-file-value>
			</property-definition>
		</property-definitions>
	</image-repository-type>
	
</image-repository-types>